-- phpMyAdmin SQL Dump
-- version 4.9.1
-- https://www.phpmyadmin.net/
--
-- Host: 127.0.0.1
-- Tempo de geração: 14-Dez-2019 às 00:26
-- Versão do servidor: 10.4.8-MariaDB
-- versão do PHP: 7.1.32

SET SQL_MODE = "NO_AUTO_VALUE_ON_ZERO";
SET AUTOCOMMIT = 0;
START TRANSACTION;
SET time_zone = "+00:00";


/*!40101 SET @OLD_CHARACTER_SET_CLIENT=@@CHARACTER_SET_CLIENT */;
/*!40101 SET @OLD_CHARACTER_SET_RESULTS=@@CHARACTER_SET_RESULTS */;
/*!40101 SET @OLD_COLLATION_CONNECTION=@@COLLATION_CONNECTION */;
/*!40101 SET NAMES utf8mb4 */;

--
-- Banco de dados: `teste`
--

-- --------------------------------------------------------

--
-- Estrutura da tabela `avaliacao_produto`
--

CREATE TABLE `avaliacao_produto` (
  `id` int(11) NOT NULL,
  `id_produto` int(11) NOT NULL,
  `nome` varchar(100) NOT NULL,
  `user` varchar(20) NOT NULL,
  `comentario` tinytext NOT NULL,
  `data` datetime DEFAULT NULL
) ENGINE=InnoDB DEFAULT CHARSET=utf8mb4;

--
-- Extraindo dados da tabela `avaliacao_produto`
--

INSERT INTO `avaliacao_produto` (`id`, `id_produto`, `nome`, `user`, `comentario`, `data`) VALUES
(6, 34, 'Agenda coruja', 'Stephany da Silva', 'olá, gostei muito do produto!', NULL);

-- --------------------------------------------------------

--
-- Estrutura da tabela `categoria`
--

CREATE TABLE `categoria` (
  `id` int(11) NOT NULL,
  `titulo` varchar(255) NOT NULL,
  `img` int(11) NOT NULL
) ENGINE=InnoDB DEFAULT CHARSET=utf8mb4;

--
-- Extraindo dados da tabela `categoria`
--

INSERT INTO `categoria` (`id`, `titulo`, `img`) VALUES
(1, 'Bonecas', 0),
(4, 'Chaveiros', 0),
(6, 'Decoração', 0),
(18, 'Agendas', 0),
(19, 'Madeiras', 0),
(20, 'Temáticos', 0);

-- --------------------------------------------------------

--
-- Estrutura da tabela `ci_session`
--

CREATE TABLE `ci_session` (
  `id` varchar(40) NOT NULL,
  `ip_address` varchar(45) NOT NULL,
  `timestamp` int(10) UNSIGNED NOT NULL DEFAULT 0,
  `data` blob NOT NULL
) ENGINE=InnoDB DEFAULT CHARSET=utf8mb4;

--
-- Extraindo dados da tabela `ci_session`
--

INSERT INTO `ci_session` (`id`, `ip_address`, `timestamp`, `data`) VALUES
('04rlr824espj94h8mvfdm6bt1rki82r6', '::1', 1576238227, 0x5f5f63695f6c6173745f726567656e65726174657c693a313537363233383232373b757365726c6f6761646f7c4f3a383a22737464436c617373223a383a7b733a323a226964223b733a313a2236223b733a343a226e6f6d65223b733a31353a2256697669616e652047616c64696e6f223b733a353a22656d61696c223b733a32303a227669766973616e746f7340676d61696c2e636f6d223b733a383a2274656c65666f6e65223b733a313a2230223b733a333a22696d67223b733a313a2231223b733a343a2275736572223b733a373a2276697669616e65223b733a353a2273656e6861223b733a33323a226436306239616638653263393933333062383963303938366264653763376538223b733a343a227469706f223b733a313a2231223b7d6c6f6761646f7c623a313b),
('1fcf16uaap9352r28vlmfmpr5bt97pgi', '::1', 1576240839, 0x5f5f63695f6c6173745f726567656e65726174657c693a313537363234303833393b757365726c6f6761646f7c4f3a383a22737464436c617373223a383a7b733a323a226964223b733a313a2233223b733a343a226e6f6d65223b733a31373a225374657068616e792064612053696c7661223b733a353a22656d61696c223b733a32313a227374657068616e7937373740676d61696c2e636f6d223b733a383a2274656c65666f6e65223b733a383a223132333435363738223b733a333a22696d67223b733a313a2231223b733a343a2275736572223b733a383a225374657068616e79223b733a353a2273656e6861223b733a33323a226535326335623130323939393336666136303435613932323066366263373862223b733a343a227469706f223b733a313a2232223b7d6c6f6761646f7c623a313b),
('2n2m0vtckv21s4a1nfcekv1pp6ll3333', '::1', 1576249392, 0x5f5f63695f6c6173745f726567656e65726174657c693a313537363234393339323b757365726c6f6761646f7c4f3a383a22737464436c617373223a383a7b733a323a226964223b733a313a2236223b733a343a226e6f6d65223b733a31353a2256697669616e652047616c64696e6f223b733a353a22656d61696c223b733a32303a227669766973616e746f7340676d61696c2e636f6d223b733a383a2274656c65666f6e65223b733a313a2230223b733a333a22696d67223b733a313a2231223b733a343a2275736572223b733a373a2276697669616e65223b733a353a2273656e6861223b733a33323a226436306239616638653263393933333062383963303938366264653763376538223b733a343a227469706f223b733a313a2231223b7d6c6f6761646f7c623a313b),
('34vhuohe6ob8tffgnam0blbfreg945vk', '::1', 1576210136, 0x5f5f63695f6c6173745f726567656e65726174657c693a313537363231303132343b757365726c6f6761646f7c4f3a383a22737464436c617373223a383a7b733a323a226964223b733a313a2236223b733a343a226e6f6d65223b733a31353a2256697669616e652047616c64696e6f223b733a353a22656d61696c223b733a32303a227669766973616e746f7340676d61696c2e636f6d223b733a383a2274656c65666f6e65223b733a313a2230223b733a333a22696d67223b733a313a2231223b733a343a2275736572223b733a373a2276697669616e65223b733a353a2273656e6861223b733a33323a226436306239616638653263393933333062383963303938366264653763376538223b733a343a227469706f223b733a313a2231223b7d6c6f6761646f7c623a313b),
('3lrbp8dm9vhn85eprslu2c8c4uq11i1o', '::1', 1576237396, 0x5f5f63695f6c6173745f726567656e65726174657c693a313537363233373339363b757365726c6f6761646f7c4f3a383a22737464436c617373223a383a7b733a323a226964223b733a313a2233223b733a343a226e6f6d65223b733a31373a225374657068616e792064612053696c7661223b733a353a22656d61696c223b733a32313a227374657068616e7937373740676d61696c2e636f6d223b733a383a2274656c65666f6e65223b733a383a223132333435363738223b733a333a22696d67223b733a313a2231223b733a343a2275736572223b733a383a225374657068616e79223b733a353a2273656e6861223b733a33323a226535326335623130323939393336666136303435613932323066366263373862223b733a343a227469706f223b733a313a2232223b7d6c6f6761646f7c623a313b),
('4kidmkq1al4eqi6pbkd99qa69n152rin', '::1', 1576235975, 0x5f5f63695f6c6173745f726567656e65726174657c693a313537363233353937353b757365726c6f6761646f7c4f3a383a22737464436c617373223a383a7b733a323a226964223b733a313a2233223b733a343a226e6f6d65223b733a31373a225374657068616e792064612053696c7661223b733a353a22656d61696c223b733a32313a227374657068616e7937373740676d61696c2e636f6d223b733a383a2274656c65666f6e65223b733a383a223132333435363738223b733a333a22696d67223b733a313a2231223b733a343a2275736572223b733a383a225374657068616e79223b733a353a2273656e6861223b733a33323a226535326335623130323939393336666136303435613932323066366263373862223b733a343a227469706f223b733a313a2232223b7d6c6f6761646f7c623a313b),
('4o4vmuh30vi1v2rekohnimccd0t25l5i', '::1', 1576247873, 0x5f5f63695f6c6173745f726567656e65726174657c693a313537363234373837333b757365726c6f6761646f7c4f3a383a22737464436c617373223a383a7b733a323a226964223b733a313a2233223b733a343a226e6f6d65223b733a31373a225374657068616e792064612053696c7661223b733a353a22656d61696c223b733a32313a227374657068616e7937373740676d61696c2e636f6d223b733a383a2274656c65666f6e65223b733a383a223132333435363738223b733a333a22696d67223b733a313a2231223b733a343a2275736572223b733a383a225374657068616e79223b733a353a2273656e6861223b733a33323a226535326335623130323939393336666136303435613932323066366263373862223b733a343a227469706f223b733a313a2232223b7d6c6f6761646f7c623a313b),
('89m0pfq43iikrpeleqod24lmsae8ne5v', '::1', 1576247346, 0x5f5f63695f6c6173745f726567656e65726174657c693a313537363234373334363b757365726c6f6761646f7c4f3a383a22737464436c617373223a383a7b733a323a226964223b733a313a2233223b733a343a226e6f6d65223b733a31373a225374657068616e792064612053696c7661223b733a353a22656d61696c223b733a32313a227374657068616e7937373740676d61696c2e636f6d223b733a383a2274656c65666f6e65223b733a383a223132333435363738223b733a333a22696d67223b733a313a2231223b733a343a2275736572223b733a383a225374657068616e79223b733a353a2273656e6861223b733a33323a226535326335623130323939393336666136303435613932323066366263373862223b733a343a227469706f223b733a313a2232223b7d6c6f6761646f7c623a313b),
('92ab2sjc41jku2kvaghp053ipkgvdb81', '::1', 1576236915, 0x5f5f63695f6c6173745f726567656e65726174657c693a313537363233363931353b757365726c6f6761646f7c4f3a383a22737464436c617373223a383a7b733a323a226964223b733a313a2233223b733a343a226e6f6d65223b733a31373a225374657068616e792064612053696c7661223b733a353a22656d61696c223b733a32313a227374657068616e7937373740676d61696c2e636f6d223b733a383a2274656c65666f6e65223b733a383a223132333435363738223b733a333a22696d67223b733a313a2231223b733a343a2275736572223b733a383a225374657068616e79223b733a353a2273656e6861223b733a33323a226535326335623130323939393336666136303435613932323066366263373862223b733a343a227469706f223b733a313a2232223b7d6c6f6761646f7c623a313b),
('9lgd5i99uc15kstprfn61froj2o3klpt', '::1', 1576243272, 0x5f5f63695f6c6173745f726567656e65726174657c693a313537363234333237323b757365726c6f6761646f7c4f3a383a22737464436c617373223a383a7b733a323a226964223b733a313a2233223b733a343a226e6f6d65223b733a31373a225374657068616e792064612053696c7661223b733a353a22656d61696c223b733a32313a227374657068616e7937373740676d61696c2e636f6d223b733a383a2274656c65666f6e65223b733a383a223132333435363738223b733a333a22696d67223b733a313a2231223b733a343a2275736572223b733a383a225374657068616e79223b733a353a2273656e6861223b733a33323a226535326335623130323939393336666136303435613932323066366263373862223b733a343a227469706f223b733a313a2232223b7d6c6f6761646f7c623a313b),
('agrfv0rsnjo810ee3k9cuskg56q8nc4a', '::1', 1576250121, 0x5f5f63695f6c6173745f726567656e65726174657c693a313537363235303038333b757365726c6f6761646f7c4e3b6c6f6761646f7c623a303b),
('c60cisv1ohpjusimaks4m6i06m1lj00v', '::1', 1576238581, 0x5f5f63695f6c6173745f726567656e65726174657c693a313537363233383538313b757365726c6f6761646f7c4f3a383a22737464436c617373223a383a7b733a323a226964223b733a313a2233223b733a343a226e6f6d65223b733a31373a225374657068616e792064612053696c7661223b733a353a22656d61696c223b733a32313a227374657068616e7937373740676d61696c2e636f6d223b733a383a2274656c65666f6e65223b733a383a223132333435363738223b733a333a22696d67223b733a313a2231223b733a343a2275736572223b733a383a225374657068616e79223b733a353a2273656e6861223b733a33323a226535326335623130323939393336666136303435613932323066366263373862223b733a343a227469706f223b733a313a2232223b7d6c6f6761646f7c623a313b),
('cvf6dvq6jqmr4v3geb49bni7pv2il97d', '::1', 1576210124, 0x5f5f63695f6c6173745f726567656e65726174657c693a313537363231303132343b757365726c6f6761646f7c4f3a383a22737464436c617373223a383a7b733a323a226964223b733a313a2236223b733a343a226e6f6d65223b733a31353a2256697669616e652047616c64696e6f223b733a353a22656d61696c223b733a32303a227669766973616e746f7340676d61696c2e636f6d223b733a383a2274656c65666f6e65223b733a313a2230223b733a333a22696d67223b733a313a2231223b733a343a2275736572223b733a373a2276697669616e65223b733a353a2273656e6861223b733a33323a226436306239616638653263393933333062383963303938366264653763376538223b733a343a227469706f223b733a313a2231223b7d6c6f6761646f7c623a313b),
('fbb0q59diai2oqc05sa20n3d13565add', '::1', 1576237926, 0x5f5f63695f6c6173745f726567656e65726174657c693a313537363233373932363b757365726c6f6761646f7c4f3a383a22737464436c617373223a383a7b733a323a226964223b733a313a2233223b733a343a226e6f6d65223b733a31373a225374657068616e792064612053696c7661223b733a353a22656d61696c223b733a32313a227374657068616e7937373740676d61696c2e636f6d223b733a383a2274656c65666f6e65223b733a383a223132333435363738223b733a333a22696d67223b733a313a2231223b733a343a2275736572223b733a383a225374657068616e79223b733a353a2273656e6861223b733a33323a226535326335623130323939393336666136303435613932323066366263373862223b733a343a227469706f223b733a313a2232223b7d6c6f6761646f7c623a313b),
('gsse778qpcp8fl71mvnce63n8567rkbp', '::1', 1576238890, 0x5f5f63695f6c6173745f726567656e65726174657c693a313537363233383839303b757365726c6f6761646f7c4f3a383a22737464436c617373223a383a7b733a323a226964223b733a313a2233223b733a343a226e6f6d65223b733a31373a225374657068616e792064612053696c7661223b733a353a22656d61696c223b733a32313a227374657068616e7937373740676d61696c2e636f6d223b733a383a2274656c65666f6e65223b733a383a223132333435363738223b733a333a22696d67223b733a313a2231223b733a343a2275736572223b733a383a225374657068616e79223b733a353a2273656e6861223b733a33323a226535326335623130323939393336666136303435613932323066366263373862223b733a343a227469706f223b733a313a2232223b7d6c6f6761646f7c623a313b),
('h17teid8l0kmglk4uvice8p32mpmmt0t', '::1', 1576245473, 0x5f5f63695f6c6173745f726567656e65726174657c693a313537363234353437333b757365726c6f6761646f7c4e3b6c6f6761646f7c623a303b),
('hvh18o8j1dp4efn24aukhdvb77ppnef8', '::1', 1576241750, 0x5f5f63695f6c6173745f726567656e65726174657c693a313537363234313735303b757365726c6f6761646f7c4f3a383a22737464436c617373223a383a7b733a323a226964223b733a313a2233223b733a343a226e6f6d65223b733a31373a225374657068616e792064612053696c7661223b733a353a22656d61696c223b733a32313a227374657068616e7937373740676d61696c2e636f6d223b733a383a2274656c65666f6e65223b733a383a223132333435363738223b733a333a22696d67223b733a313a2231223b733a343a2275736572223b733a383a225374657068616e79223b733a353a2273656e6861223b733a33323a226535326335623130323939393336666136303435613932323066366263373862223b733a343a227469706f223b733a313a2232223b7d6c6f6761646f7c623a313b),
('jn8qdvic5rem6fe2rndt70iiqqirvt6j', '::1', 1576250083, 0x5f5f63695f6c6173745f726567656e65726174657c693a313537363235303038333b757365726c6f6761646f7c4f3a383a22737464436c617373223a383a7b733a323a226964223b733a313a2236223b733a343a226e6f6d65223b733a31353a2256697669616e652047616c64696e6f223b733a353a22656d61696c223b733a32303a227669766973616e746f7340676d61696c2e636f6d223b733a383a2274656c65666f6e65223b733a313a2230223b733a333a22696d67223b733a313a2231223b733a343a2275736572223b733a373a2276697669616e65223b733a353a2273656e6861223b733a33323a226436306239616638653263393933333062383963303938366264653763376538223b733a343a227469706f223b733a313a2231223b7d6c6f6761646f7c623a313b),
('kmg8u7nb1hj63v6theu8d3r0u4n6gm87', '::1', 1576242233, 0x5f5f63695f6c6173745f726567656e65726174657c693a313537363234323233333b757365726c6f6761646f7c4f3a383a22737464436c617373223a383a7b733a323a226964223b733a313a2233223b733a343a226e6f6d65223b733a31373a225374657068616e792064612053696c7661223b733a353a22656d61696c223b733a32313a227374657068616e7937373740676d61696c2e636f6d223b733a383a2274656c65666f6e65223b733a383a223132333435363738223b733a333a22696d67223b733a313a2231223b733a343a2275736572223b733a383a225374657068616e79223b733a353a2273656e6861223b733a33323a226535326335623130323939393336666136303435613932323066366263373862223b733a343a227469706f223b733a313a2232223b7d6c6f6761646f7c623a313b),
('m1a870tc9vdd7kh7up9511l66frf4olt', '::1', 1576240321, 0x5f5f63695f6c6173745f726567656e65726174657c693a313537363234303332313b757365726c6f6761646f7c4f3a383a22737464436c617373223a383a7b733a323a226964223b733a313a2233223b733a343a226e6f6d65223b733a31373a225374657068616e792064612053696c7661223b733a353a22656d61696c223b733a32313a227374657068616e7937373740676d61696c2e636f6d223b733a383a2274656c65666f6e65223b733a383a223132333435363738223b733a333a22696d67223b733a313a2231223b733a343a2275736572223b733a383a225374657068616e79223b733a353a2273656e6861223b733a33323a226535326335623130323939393336666136303435613932323066366263373862223b733a343a227469706f223b733a313a2232223b7d6c6f6761646f7c623a313b),
('mcuiu5ckg67qllf82sk4b29loms9qksm', '::1', 1576236287, 0x5f5f63695f6c6173745f726567656e65726174657c693a313537363233363238373b757365726c6f6761646f7c4f3a383a22737464436c617373223a383a7b733a323a226964223b733a313a2233223b733a343a226e6f6d65223b733a31373a225374657068616e792064612053696c7661223b733a353a22656d61696c223b733a32313a227374657068616e7937373740676d61696c2e636f6d223b733a383a2274656c65666f6e65223b733a383a223132333435363738223b733a333a22696d67223b733a313a2231223b733a343a2275736572223b733a383a225374657068616e79223b733a353a2273656e6861223b733a33323a226535326335623130323939393336666136303435613932323066366263373862223b733a343a227469706f223b733a313a2232223b7d6c6f6761646f7c623a313b),
('nlenkppvkbao0b0ang85i0ndrnc5smm3', '::1', 1576244145, 0x5f5f63695f6c6173745f726567656e65726174657c693a313537363234343134353b757365726c6f6761646f7c4e3b6c6f6761646f7c623a303b),
('o21fnppha3nu7p004vm1tq6hmtmdmj59', '::1', 1576249087, 0x5f5f63695f6c6173745f726567656e65726174657c693a313537363234393038373b757365726c6f6761646f7c4f3a383a22737464436c617373223a383a7b733a323a226964223b733a313a2236223b733a343a226e6f6d65223b733a31353a2256697669616e652047616c64696e6f223b733a353a22656d61696c223b733a32303a227669766973616e746f7340676d61696c2e636f6d223b733a383a2274656c65666f6e65223b733a313a2230223b733a333a22696d67223b733a313a2231223b733a343a2275736572223b733a373a2276697669616e65223b733a353a2273656e6861223b733a33323a226436306239616638653263393933333062383963303938366264653763376538223b733a343a227469706f223b733a313a2231223b7d6c6f6761646f7c623a313b),
('pdg8rg2fa7f8sh2oh9rkip2g1ods33ku', '::1', 1576249711, 0x5f5f63695f6c6173745f726567656e65726174657c693a313537363234393731313b757365726c6f6761646f7c4f3a383a22737464436c617373223a383a7b733a323a226964223b733a313a2236223b733a343a226e6f6d65223b733a31353a2256697669616e652047616c64696e6f223b733a353a22656d61696c223b733a32303a227669766973616e746f7340676d61696c2e636f6d223b733a383a2274656c65666f6e65223b733a313a2230223b733a333a22696d67223b733a313a2231223b733a343a2275736572223b733a373a2276697669616e65223b733a353a2273656e6861223b733a33323a226436306239616638653263393933333062383963303938366264653763376538223b733a343a227469706f223b733a313a2231223b7d6c6f6761646f7c623a313b),
('pr31vrrto5m43scdf779sdkv0u9q4g20', '::1', 1576290266, 0x5f5f63695f6c6173745f726567656e65726174657c693a313537363239303139383b757365726c6f6761646f7c4f3a383a22737464436c617373223a383a7b733a323a226964223b733a313a2236223b733a343a226e6f6d65223b733a31353a2256697669616e652047616c64696e6f223b733a353a22656d61696c223b733a32303a227669766973616e746f7340676d61696c2e636f6d223b733a383a2274656c65666f6e65223b733a313a2230223b733a333a22696d67223b733a313a2231223b733a343a2275736572223b733a373a2276697669616e65223b733a353a2273656e6861223b733a33323a226436306239616638653263393933333062383963303938366264653763376538223b733a343a227469706f223b733a313a2231223b7d6c6f6761646f7c623a313b),
('q5fu5m83loakkdhlq1v6u1a3o31k1l5e', '::1', 1576248367, 0x5f5f63695f6c6173745f726567656e65726174657c693a313537363234383336373b757365726c6f6761646f7c4f3a383a22737464436c617373223a383a7b733a323a226964223b733a313a2236223b733a343a226e6f6d65223b733a31353a2256697669616e652047616c64696e6f223b733a353a22656d61696c223b733a32303a227669766973616e746f7340676d61696c2e636f6d223b733a383a2274656c65666f6e65223b733a313a2230223b733a333a22696d67223b733a313a2231223b733a343a2275736572223b733a373a2276697669616e65223b733a353a2273656e6861223b733a33323a226436306239616638653263393933333062383963303938366264653763376538223b733a343a227469706f223b733a313a2231223b7d6c6f6761646f7c623a313b),
('sif17cu3uhvkc36elha949ve05tluip9', '::1', 1576246484, 0x5f5f63695f6c6173745f726567656e65726174657c693a313537363234363438343b757365726c6f6761646f7c4f3a383a22737464436c617373223a383a7b733a323a226964223b733a313a2233223b733a343a226e6f6d65223b733a31373a225374657068616e792064612053696c7661223b733a353a22656d61696c223b733a32313a227374657068616e7937373740676d61696c2e636f6d223b733a383a2274656c65666f6e65223b733a383a223132333435363738223b733a333a22696d67223b733a313a2231223b733a343a2275736572223b733a383a225374657068616e79223b733a353a2273656e6861223b733a33323a226535326335623130323939393336666136303435613932323066366263373862223b733a343a227469706f223b733a313a2232223b7d6c6f6761646f7c623a313b),
('tjt4ufcdt4vrc8ulv4iuu8qmq75ttvm1', '::1', 1576239342, 0x5f5f63695f6c6173745f726567656e65726174657c693a313537363233393334323b757365726c6f6761646f7c4f3a383a22737464436c617373223a383a7b733a323a226964223b733a313a2233223b733a343a226e6f6d65223b733a31373a225374657068616e792064612053696c7661223b733a353a22656d61696c223b733a32313a227374657068616e7937373740676d61696c2e636f6d223b733a383a2274656c65666f6e65223b733a383a223132333435363738223b733a333a22696d67223b733a313a2231223b733a343a2275736572223b733a383a225374657068616e79223b733a353a2273656e6861223b733a33323a226535326335623130323939393336666136303435613932323066366263373862223b733a343a227469706f223b733a313a2232223b7d6c6f6761646f7c623a313b),
('u7r628uusnq74j5gq2mamvhluueb2b6f', '::1', 1576241448, 0x5f5f63695f6c6173745f726567656e65726174657c693a313537363234313434383b757365726c6f6761646f7c4f3a383a22737464436c617373223a383a7b733a323a226964223b733a313a2233223b733a343a226e6f6d65223b733a31373a225374657068616e792064612053696c7661223b733a353a22656d61696c223b733a32313a227374657068616e7937373740676d61696c2e636f6d223b733a383a2274656c65666f6e65223b733a383a223132333435363738223b733a333a22696d67223b733a313a2231223b733a343a2275736572223b733a383a225374657068616e79223b733a353a2273656e6861223b733a33323a226535326335623130323939393336666136303435613932323066366263373862223b733a343a227469706f223b733a313a2232223b7d6c6f6761646f7c623a313b),
('vubmt95srdbpc63doij0m1b9f7pq7jve', '::1', 1576182790, 0x5f5f63695f6c6173745f726567656e65726174657c693a313537363138323739303b757365726c6f6761646f7c4f3a383a22737464436c617373223a383a7b733a323a226964223b733a313a2236223b733a343a226e6f6d65223b733a31353a2256697669616e652047616c64696e6f223b733a353a22656d61696c223b733a32303a227669766973616e746f7340676d61696c2e636f6d223b733a383a2274656c65666f6e65223b733a313a2230223b733a333a22696d67223b733a313a2231223b733a343a2275736572223b733a373a2276697669616e65223b733a353a2273656e6861223b733a33323a226436306239616638653263393933333062383963303938366264653763376538223b733a343a227469706f223b733a313a2231223b7d6c6f6761646f7c623a313b);

-- --------------------------------------------------------

--
-- Estrutura da tabela `mensagens`
--

CREATE TABLE `mensagens` (
  `id` int(11) NOT NULL,
  `nome` varchar(100) NOT NULL,
  `email` varchar(100) NOT NULL,
  `telefone` varchar(11) NOT NULL,
  `mensagem` varchar(255) NOT NULL,
  `created_at` timestamp NOT NULL DEFAULT current_timestamp()
) ENGINE=InnoDB DEFAULT CHARSET=utf8mb4;

-- --------------------------------------------------------

--
-- Estrutura da tabela `pedido`
--

CREATE TABLE `pedido` (
  `id` int(11) NOT NULL,
  `userlogado` varchar(100) NOT NULL,
  `email_user` varchar(100) NOT NULL,
  `telefone_user` int(11) NOT NULL,
  `img_prod` int(11) NOT NULL,
  `titulo_prod` text DEFAULT NULL,
  `detalhes_prod` text DEFAULT NULL,
  `quantidade_prod` text DEFAULT NULL,
  `preco_prod` text DEFAULT NULL,
  `total` decimal(10,2) NOT NULL,
  `data_pedido` timestamp NOT NULL DEFAULT current_timestamp() ON UPDATE current_timestamp(),
  `ativo` int(11) NOT NULL
) ENGINE=InnoDB DEFAULT CHARSET=utf8mb4;

--
-- Extraindo dados da tabela `pedido`
--

INSERT INTO `pedido` (`id`, `userlogado`, `email_user`, `telefone_user`, `img_prod`, `titulo_prod`, `detalhes_prod`, `quantidade_prod`, `preco_prod`, `total`, `data_pedido`, `ativo`) VALUES
(20, 'Viviane Galdino', 'vivisantos@gmail.com', 0, 0, 'Agenda adulto', 'Tamanho médio, camurça e detalhe de flores. Cores verde e rosa', '9', '13.00', '117.00', '2019-12-13 14:47:06', 1),
(21, 'Viviane Galdino', 'vivisantos@gmail.com', 0, 0, 'Agenda adulto', 'Tamanho médio, camurça e detalhe de flores. Cores verde e rosa', '9', '13.00', '117.00', '2019-12-12 20:05:36', 0),
(22, 'Viviane Galdino', 'vivisantos@gmail.com', 0, 0, 'Enfeite de parede lar doce lar', 'Enfeite tamanho médio com detalhe de gatinhos.', '4', '22.00', '88.00', '2019-12-13 02:31:19', 0);

-- --------------------------------------------------------

--
-- Estrutura da tabela `produtos`
--

CREATE TABLE `produtos` (
  `id` int(11) NOT NULL,
  `categoria` tinyint(100) NOT NULL,
  `titulo` varchar(255) NOT NULL,
  `detalhes` varchar(255) DEFAULT NULL,
  `img` varchar(50) NOT NULL,
  `quantidade` int(11) NOT NULL,
  `preco` decimal(10,2) NOT NULL
) ENGINE=InnoDB DEFAULT CHARSET=utf8mb4;

--
-- Extraindo dados da tabela `produtos`
--

INSERT INTO `produtos` (`id`, `categoria`, `titulo`, `detalhes`, `img`, `quantidade`, `preco`) VALUES
(2, 1, 'Boneco Unicórnio', 'Boneco unicórnio, totalmente de feltro', '1', 0, '15.00'),
(11, 1, 'Boneca LOL', 'Boneca de pano LOL.', '1', 0, '19.00'),
(12, 1, ' Boneco unicórnio', 'Tamanho médio, cores variadas e detalhe dourado no chifre.', '1', 0, '24.99'),
(14, 4, 'Chaveiro Rosas', 'Chaveiro feito em E.V.A, cor rosa, detalhes de cristais.', '1', 0, '6.99'),
(15, 4, 'Chaveiro biscoito', 'Chaveiro pequeno, com detalhes de flores e cordão vermelho', '1', 0, '4.00'),
(16, 4, 'Chaveiro Sapatinho', 'Chaveiro tamanho P, com detalhe de cristal e laço.', '1', 0, '4.79'),
(34, 18, 'Agenda coruja', 'Tamanho médio, estampa de corujas, cor azul e detalhe de flor.', '1', 0, '12.00'),
(42, 18, 'Agenda adulto', 'Tamanho médio, camurça e detalhe de flores. Cores verde e rosa', '1', 0, '13.00'),
(43, 18, 'Agenda coruja', 'Tamanho médio, estampa de corujas, cor azul e detalhe laço dourado.', '1', 0, '12.00'),
(44, 18, 'Agenda de bolinhas', 'Tamanho médio, estampa de bolinhas, cores marrom e rosa e detalhe coração.', '1', 0, '12.00'),
(47, 18, 'Agenda vintage.', 'Tamanho médio, estampa variada, cores marrom e rosa.', '1', 0, '12.00'),
(48, 1, 'Boneca coelhinha', 'Boneca de pano estampada com laço rosa.', '1', 0, '23.00'),
(49, 4, 'Chaveiro N. Senhora', 'Chaveiro pequeno, tema religioso, cores azul e branco.', '1', 0, '4.00'),
(50, 6, 'Enfeite de parede', 'Enfeite tamanho médio com detalhe de pássaros.', '1', 0, '21.00'),
(51, 6, 'Caixas Coelhos', 'Caixas organizadoras, cores variadas, tema coelho.', '1', 0, '19.00'),
(52, 6, 'Enfeite de parede lar doce lar', 'Enfeite tamanho médio com detalhe de gatinhos.', '1', 0, '22.00'),
(53, 6, 'Enfeite de parede Bem Vindo', 'Enfeite tamanho médio com detalhe de pássaros e flor.', '1', 0, '22.00'),
(54, 19, 'Caixa de madeira', 'Caixa média, cor vermelha e tampa branca e preta.', '1', 0, '25.00'),
(55, 19, 'Caixa organizadora', 'Caixa grande, organizadora, possui gavetas, estampa borboletas.', '1', 0, '30.00'),
(56, 19, 'Caixa para crianças', 'Caixa pequena, rosa, com desenho menina.', '1', 0, '14.00'),
(57, 19, 'Porta absorvente', 'Porta absorvente médio, cor rosa.', '1', 0, '23.00'),
(58, 20, 'Chaveiro boneco de neve', 'Chaveiro médio, boneco de neve, cores branco, vermelho e detalhes verdes.', '1', 0, '12.00'),
(59, 20, 'Chaveiro ovo de páscoa', 'Chaveiro pequeno, cor rosa, detalhe coelho.', '1', 0, '14.00'),
(60, 20, 'Enfeite Rena', 'Enfeite rena de natal, tamanho grande.', '1', 0, '32.00'),
(61, 20, 'Conj. Bonecos Pokémon', 'Conj. com 3 bonecos pokémon, tamanho médio.', '1', 0, '40.00');

-- --------------------------------------------------------

--
-- Estrutura da tabela `usuario`
--

CREATE TABLE `usuario` (
  `id` int(11) NOT NULL,
  `nome` varchar(255) DEFAULT NULL,
  `email` varchar(255) DEFAULT NULL,
  `telefone` int(11) NOT NULL,
  `img` int(11) DEFAULT NULL,
  `user` varchar(255) DEFAULT NULL,
  `senha` longtext DEFAULT NULL,
  `tipo` int(11) NOT NULL DEFAULT 1
) ENGINE=InnoDB DEFAULT CHARSET=utf8mb4;

--
-- Extraindo dados da tabela `usuario`
--

INSERT INTO `usuario` (`id`, `nome`, `email`, `telefone`, `img`, `user`, `senha`, `tipo`) VALUES
(3, 'Stephany da Silva', 'stephany777@gmail.com', 12345678, 1, 'Stephany', 'e52c5b10299936fa6045a9220f6bc78b', 2),
(6, 'Viviane Galdino', 'vivisantos@gmail.com', 0, 1, 'viviane', 'd60b9af8e2c99330b89c0986bde7c7e8', 1),
(10, 'testee', 'teste@teste.com', 1112345678, NULL, 'testee', 'e10adc3949ba59abbe56e057f20f883e', 1);

--
-- Índices para tabelas despejadas
--

--
-- Índices para tabela `avaliacao_produto`
--
ALTER TABLE `avaliacao_produto`
  ADD PRIMARY KEY (`id`);

--
-- Índices para tabela `categoria`
--
ALTER TABLE `categoria`
  ADD PRIMARY KEY (`id`);

--
-- Índices para tabela `ci_session`
--
ALTER TABLE `ci_session`
  ADD PRIMARY KEY (`id`),
  ADD KEY `ci_sessions_timestamp` (`timestamp`);

--
-- Índices para tabela `mensagens`
--
ALTER TABLE `mensagens`
  ADD PRIMARY KEY (`id`);

--
-- Índices para tabela `pedido`
--
ALTER TABLE `pedido`
  ADD PRIMARY KEY (`id`);

--
-- Índices para tabela `produtos`
--
ALTER TABLE `produtos`
  ADD PRIMARY KEY (`id`);

--
-- Índices para tabela `usuario`
--
ALTER TABLE `usuario`
  ADD PRIMARY KEY (`id`);

--
-- AUTO_INCREMENT de tabelas despejadas
--

--
-- AUTO_INCREMENT de tabela `avaliacao_produto`
--
ALTER TABLE `avaliacao_produto`
  MODIFY `id` int(11) NOT NULL AUTO_INCREMENT, AUTO_INCREMENT=7;

--
-- AUTO_INCREMENT de tabela `categoria`
--
ALTER TABLE `categoria`
  MODIFY `id` int(11) NOT NULL AUTO_INCREMENT, AUTO_INCREMENT=21;

--
-- AUTO_INCREMENT de tabela `mensagens`
--
ALTER TABLE `mensagens`
  MODIFY `id` int(11) NOT NULL AUTO_INCREMENT, AUTO_INCREMENT=10;

--
-- AUTO_INCREMENT de tabela `pedido`
--
ALTER TABLE `pedido`
  MODIFY `id` int(11) NOT NULL AUTO_INCREMENT, AUTO_INCREMENT=23;

--
-- AUTO_INCREMENT de tabela `produtos`
--
ALTER TABLE `produtos`
  MODIFY `id` int(11) NOT NULL AUTO_INCREMENT, AUTO_INCREMENT=62;

--
-- AUTO_INCREMENT de tabela `usuario`
--
ALTER TABLE `usuario`
  MODIFY `id` int(11) NOT NULL AUTO_INCREMENT, AUTO_INCREMENT=11;
COMMIT;

/*!40101 SET CHARACTER_SET_CLIENT=@OLD_CHARACTER_SET_CLIENT */;
/*!40101 SET CHARACTER_SET_RESULTS=@OLD_CHARACTER_SET_RESULTS */;
/*!40101 SET COLLATION_CONNECTION=@OLD_COLLATION_CONNECTION */;
